outcome,mean_epa_diff_3,median_epa_diff_3
Loss,-0.057112261373635245,-0.058784230192871184
Win,0.05734301798524589,0.05934705351905549
