is_home,win,location
0,0.4596774193548387,Away
1,0.5383064516129032,Home
