outcome,mean_point_diff_gap_3,median_point_diff_gap_3
Loss,-4.248155600268276,-4.666666666666666
Win,4.2653198653198645,4.666666666666666
