win_pct_bin,win_rate,n_games
Very Negative,0.27631578947368424,152
Negative,0.3440366972477064,218
Near Zero,0.5,252
Positive,0.6513761467889908,218
Very Positive,0.7236842105263158,152
