outcome,mean_win_pct_diff_3,median_win_pct_diff_3
Loss,-0.14621059691482224,-0.3333333333333333
Win,0.14680134680134682,0.3333333333333333
